{
  "version": 2,
  "builds": [
    {
      "src": "**/*",
      "use": "@vercel/static"
    }
  ],
  "routes": [
    {
      "src": "/(.*)",
      "dest": "/$1"
    }
  ],
  "headers": [
    {
      "source": "/css/(.*)",
      "headers": [
        {
          "key": "Cache-Control",
          "value": "public, max-age=31536000"
        }
      ]
    },
    {
      "source": "/js/(.*)",
      "headers": [
        {
          "key": "Cache-Control",
          "value": "public, max-age=31536000"
        }
      ]
    },
    {
      "source": "/data/(.*)",
      "headers": [
        {
          "key": "Cache-Control",
          "value": "public, max-age=3600"
        }
      ]
    }
  ]
}
